id|text|duration_s
0001|is it I could tell you it's 9 o 2 p.m. but your time may vary depending on|7.62
0002|where and when you are for most of us time was a set of numbers we used to|6.68
0003|gauge our days we live our lives by the clock waking up racing to work going to|6.53
0004|bed and on and on it wasn't always like that when I was a kid summers were|8.85
0005|timeless. I had no particular place to be, no appointments to be kept. My days were bounded|9.08
0006|only by the position of the sun. Time didn't matter so much back then. Now my life is a race|9.95
0007|against time. But what am I racing against? Is time a real thing built into the universe?|7.78
0008|Or is it just an abstraction, something we humans created to keep our civilizations running?|5.50
0009|For the answer, we have to ask a deceptively simple question.|5.80
0010|What is time?|2.57
0011|Think about it. Try to define it.|3.29
0012|It's not easy.|2.29
0013|Time is what keeps everything from happening all at once.|3.00
0014|And so time is that part of the world that orders events in a certain way|5.00
0015|so they happen sequentially from beginning to end.|4.41
0016|What we're realizing in neuroscience|4.12
0017|neuroscience is that time is not what we thought it was. Time is not something you're passively|7.18
0018|tracking. Instead, it's something that you're actively constructing with the brain. And my brain|6.38
0019|and your brain can be very different in terms of how they see the same event. Time just does not|6.54
0020|exist. What exists is these distributions of everything in the world, these what I call nows,|7.28
0021|but that's the real thing time as we know it was born here in 1884 a world conference decided that|11.76
0022|the meridian line that passes through the observatory at greenwich was to be the initial|5.68
0023|meridian the master time for planet earth greenwich meantime is our best approximation of|7.58
0024|time as described by sir isaac newton a steady beat counting behind the scenes of the universe|7.00
0025|Newton believed the universe was like a giant clock set into motion by God.|6.10
0026|Lee Smolin is a theoretical physicist trying to solve the mysteries of time.|4.78
0027|Newton's concept of time was that it was absolute.|2.64
0028|It was like a metronome, which, as he said, ticks on absolutely without regard to whether anything is happening in the universe or not.|8.10
0029|But even if nothing is happening, for example, even if in our studio here no music is playing,|5.28
0030|the metronome just kicks on absolutely at the same rate no matter what is going on.|6.80
0031|The problem with this is that it's actually impossible for any of us to detect absolute|6.24
0032|We detect time as relationships between things that happen, and we can illustrate this by|5.38
0033|develop time between themselves a relational time completely built from|4.66
0034|the relationship between the notes they're playing the events they're|2.70
0035|creating that's what time is really like so we can turn the metronome off in fact|5.74
0036|we can just get rid of it and the world keeps going on the music keeps going on|5.12
0037|just as before this was the great insight of Einstein and it was the basis|10.03
0038|of his general theory of relativity the time is created by the relationships of|4.88
0039|the changes that happen in the universe and nothing else even today some people|14.60
0040|have a hard time accepting Albert Einstein's relational time over Isaac|4.64
0041|Newton's absolute time but the better we get at telling time the more we can see|5.82
0042|that Einstein was right.|2.36
0043|This is the Aluminum Ion Experimental Clock|2.66
0044|at the National Institute of Standards and Technology|3.02
0045|It's the world's most accurate clock,|2.50
0046|measuring the oscillations of supercooled atoms.|2.70
0047|It keeps time to within one second|2.26
0048|every 3.7 billion years.|3.76
0049|In 2010, boldest time lords took two ion clocks side by side in perfect synchronization,|9.54
0050|then moved one of the clocks up 12 inches.|4.00
0051|The higher clock went out of sync.|3.26
0052|It beat just a tiny bit faster than the lower clock,|4.00
0053|because the higher clock is just a tiny bit farther away from the gravitational pull of the Earth,|7.16
0054|which slows things down.|2.00
0055|Einstein predicted this would happen back at the dawn of the 20th century,|5.25
0056|and he was just getting started.|3.00
0057|If we perceived the universe as Einstein pictured it,|5.64
0058|life would not have to flow in a smooth, linear progression.|4.80
0059|A simple act could be cut up and rearranged|7.12
0060|with no logical direction backward or forward,|4.00
0061|no beginning or end.|2.00
0062|This is how the universe would look|2.12
0063|if we were physically unstuck in time.|6.61
0064|at the California Institute of Technology.|3.83
0065|All around us, there are three dimensions of space.|2.90
0066|What Einstein realized is that time is also a dimension.|3.14
0067|In fact, time and space are one thing,|3.04
0068|called space-time, which is four-dimensional.|2.22
0069|That's what we move in and live our lives through.|2.66
0070|Einstein furthermore realized that gravity is a manifestation of the curvature of space-time.|6.64
0071|You have stuff in the universe, you have a planet or a black hole or some kind of mass|4.10
0072|or energy, it warps the space and time around it and that's what we see as gravity.|5.02
0073|And it really is the space-time that gets warped, it's time as well as space.|5.83
0074|So if you travel close to a strong gravitational field, you feel the flow of time differently|6.26
0075|than in outer space.|3.06
0076|The relativity of time causes a lot of strange effects, such as time running faster for astronauts|6.34
0077|than people on Earth.|2.10
0078|But Einstein's solution to the mystery of time opens up an even more challenging notion.|6.44
0079|If we look around, we see that all of space exists right here, right now.|7.62
0080|So doesn't it follow that all of time—past, present, and future—already exists as well?|7.27
0081|Could it be that the future is already here?|5.04
0082|Physics says that all the moments of time are equally real.|3.00
0083|And that tempts us into saying that they all exist simultaneously.|4.71
0084|But that's not what it's like.|2.40
0085|Different moments of time are really like different places in space.|3.12
0086|The difference is that unlike space, we can't help but experience time one moment after|5.54
0087|We can't go back to moments in the past and we can't right now talk to moments in the future.|6.00
0088|This sort of temporal dislocation seems to contradict the laws of physics and human experience.|8.92
0089|Or does it? Maybe not.|4.92
0090|This man would argue that the world is filled with people who are unstuck in time|6.51
0091|and that time itself may be all in our heads.|5.26
0092|David Eagleman of the Baylor College of Medicine has spent much of his career|4.58
0093|puzzling out how humans perceive time. He's found that our perception of time|6.12
0094|is governed by biological and psychological states. Many people will|5.36
0095|wake up just before their alarm clock because as their body's circadian rhythm|4.20
0096|is moving along, the signals in their body tell them this is the time to wake|5.72
0097|up and then they pop awake our time sense can also be altered by things such as sensory deprivation|7.12
0098|overstimulation and altered states of consciousness so for example when people smoke marijuana they|7.63
0099|sometimes feel like wow i've been standing here forever how long have i been here and it's as|4.96
0100|though their passage of time is going slowly but it's not exactly about slow time perception|5.04
0101|I believe it's about their inability to nail down a memory,|3.42
0102|a landmark of when they arrived there.|2.30
0103|it feels like they've been there for a very long time.|2.52
0104|you might have experienced the strange feeling|2.48
0105|that the whole event was playing in slow motion.|2.14
0106|you recall everything in vivid detail.|2.58
0107|This is another case of memory warping time.|3.04
0108|What happens during a really high intensity event is you have an emergency|5.98
0109|control center in your brain that kicks into gear and lays down very dense|4.56
0110|memories during that event. So it seems like it must have taken a long time.|6.45
0111|At any given moment the brain processes and synchronizes an enormous amount of|4.86
0112|information. Simple acts are actually small miracles of the mind's speed and|5.78
0113|power when you snap your fingers it looks like it's simultaneous it looks|4.38
0114|like the sight and the sound are happening at the same time but in fact|4.00
0115|what's happening is your auditory system is able to take information coming in|5.36
0116|through the ears and and process that very quickly whereas your visual system|3.90
0117|is much slower so what happens is your brain hears the sound and then it sees|6.78
0118|the sight and somehow it has to take both of those and stitch them together|5.28
0119|and serve up a single story which is that they were simultaneous even though|4.50
0120|the signals are arriving at the brain at different times this whole thing is|3.50
0121|really smeared out in time and yet it doesn't feel that way to us it feels as|4.56
0122|though the whole thing is simultaneous it takes a few millionths of a second|4.66
0123|for your brain to put together information and serve it up to your|3.84
0124|consciousness which means that we're all living a tiny bit in the past this time|6.76
0125|delay is the trade-off our brains make to give us the best story of what|5.64
0126|happened. But when the brain doesn't get the story right, it can change your|5.27
0127|relationship with time. Your personal time becomes different from others and|4.72
0128|that can have very bad consequences. Medical journals tell of the strange|6.30
0129|case of the man who went for a drive and noticed that the trees and buildings by|5.28
0130|the road was speeding by as if he were driving at 200 miles per hour he eased up on the accelerator|7.85
0131|but the cityscape continued to whiz by this man perceived the world as having accelerated|6.71
0132|in reality he had slowed down he walked and talked in slow motion he had become unstuck in time|9.76
0133|It turned out that his time sickness was caused by a brain tumor.|5.48
0134|Whatever time is, it's deeply wired into us.|6.85
0135|We are all clocks with our own internal time.|4.13
0136|David Eagleman suspects that going even slightly out of sync with the flow of time|6.51
0137|can lead to serious mental illness.|3.00
0138|I think that schizophrenia might fundamentally be a disorder of time perception.|4.26
0139|So imagine if there were some deficit in your time perception where you didn't know if your own actions were coming before or after the sensory consequences.|10.00
0140|What would happen is you would have a very fragmented cognition. You wouldn't know which things you caused and which things you didn't cause.|6.64
0141|To show how flexible our personal time can be, David devised an experiment that subtly warps a test subject's perception of time.|11.66
0142|So imagine that I have you press a button and that causes a flash of light.|9.72
0143|Now I inject a very small delay so that when you hit the button, the flash of light comes|4.98
0144|let's say a tenth of a second later.|3.34
0145|What happens is your brain gets used to that delay.|2.80
0146|It starts understanding that when it puts out this act, the sensory feedback is a little|4.52
0147|So it starts adjusting to that and it starts to seem simultaneous to you.|5.25
0148|Now, if I remove the delay, so now you hit the button and the flash happens immediately,|5.70
0149|you will believe that the flash happened before you pressed the button.|3.42
0150|This is exactly what happens in schizophrenia.|5.63
0151|Somebody will make an act and say, it wasn't me.|2.60
0152|I don't feel like I was the one who caused that.|4.81
0153|Time seems to vary from person to person.|3.14
0154|And the elastic nature of our subjective time has caused David to wonder whether time is,|5.50
0155|in fact, real.|2.95
0156|I think that time might be the most stubborn psychological filter that we have, and that|6.22
0157|when we start really reaching down below that, when we start really figuring out how time|4.30
0158|is constructed by the brain, we're going to have to go back to physics and rejig all of|5.70
0159|the equations there.|2.41
0160|Time may be real, or it may be an illusion.|5.31
0161|But from our perspective, the past is gone forever, and the future is yet to be written.|7.61
0162|Whether or not we discover there are physical aspects of time we can't perceive, our human|6.10
0163|experience of the endless cycle of life and death won't change.|4.75
0164|The golden summers of my childhood are gone forever, but there are new summers ahead.|8.82
0165|Summers rich with the potential of things yet to come.|13.40
0166|When were you born?|2.46
0167|Sounds like a simple question.|2.16
0168|We just say a certain year and month and day.|3.11
0169|But around the world, we reckon time differently.|3.57
0170|In Saudi Arabia, it's the 15th century.|3.14
0171|In Israel, it's the 58th.|2.75
0172|And we live in 24 different time zones.|3.80
0173|We all measure time relative to some starting point,|3.55
0174|a point we have chosen.|2.22
0175|But if we really want to know what time it is,|3.43
0176|we need to know when the cosmic clock started to tick.|4.63
0177|Did time begin when the universe began,|3.83
0178|or did it start some other way?|6.78
0179|Once I was in a bike race.|2.94
0180|I wanted to impress some friends with my terrific speed,|5.63
0181|so I gave it everything I had.|4.70
0182|It was a close race, so close I thought it was a tie.|5.55
0183|One kid said my opponent was quickest,|3.08
0184|but another said I was faster.|3.20
0185|So whose perception of time was correct?|4.11
0186|In a way, we were all right.|7.43
0187|Time is a measure of change,|4.76
0188|but how do we know things change?|3.11
0189|We rely on what our senses tell us.|2.54
0190|And primarily, we rely on what we can see.|3.74
0191|We rely on light.|3.13
0192|light travels at a fixed speed|2.14
0193|of 186,000 miles per second.|5.09
0194|This is accepted as an absolute truth of the universe.|5.04
0195|And that, says cosmologist Jana Levin,|3.32
0196|gives light a unique relationship to time.|4.35
0197|It's actually completely remarkable|2.12
0198|It's never faster, it's never slower.|2.80
0199|To understand the relativity of time,|2.36
0200|And once we start thinking about the nature of light,|2.42
0201|all of our familiar intuitions are turned on their heads.|4.57
0202|If the speed of light is constant,|2.32
0203|then time and space must shift and distort|4.08
0204|depending on your particular point of view.|4.48
0205|Einstein had this very profound insight|3.26
0206|when he started to think about something as simple as light.|3.56
0207|And he realized that if light was going to be the same|5.00
0208|regardless of how fast they were moving|2.08
0209|then space and time had to be different|2.28
0210|for different observers.|2.03
0211|This means time is very personal.|3.22
0212|It depends on where you are and how fast you are moving.|4.20
0213|And the way you see your movement through time|3.02
0214|may not be the way others see your movement through time.|4.54
0215|How often have you woken up in a darkened room|3.56
0216|and had no idea what time it was?|3.43
0217|Have you been out for minutes or hours?|5.82
0218|you have no sense that time is passing.|3.98
0219|Perhaps the cosmos experiences time in the same way.|4.07
0220|The Big Bang was the moment our universe was born,|3.16
0221|but what if it didn't wake up right away?|5.23
0222|Could there have been a time when the universe had no time?|10.00
0223|Professor Larry Schulman is a little out of place|2.76
0224|His home base is New York's Clarkson University,|3.28
0225|which often sits under a static sheet of ice.|4.20
0226|from the state of the early universe,|2.18
0227|when he claims time did not exist.|7.32
0228|Larry explores the behavior of systems|2.74
0229|composed of large numbers of particles,|2.62
0230|such as the water in this fountain or the universe.|3.88
0231|Statistical mechanics can also tell us|2.66
0232|about the relationship of light to time.|3.90
0233|Light carries information about events.|2.98
0234|We use it to determine what is happening now.|3.90
0235|But because light has a speed limit,|2.34
0236|everything we see actually took place in the past.|5.32
0237|from the sun is about eight minutes|2.54
0238|of 186,000 miles per second.|2.32
0239|So if the sun were to explode, for example,|2.96
0240|until eight minutes after the event.|4.39
0241|The light of the most distant parts of the universe|2.36
0242|has been traveling toward us for 13.8 billion years.|4.58
0243|This is when the universe began, in the Big Bang.|8.34
0244|but a field of charged particles,|2.42
0245|a dense hot cloud of plasma.|3.44
0246|Photons, particles of light,|2.48
0247|could not travel very far in this soup.|4.14
0248|Then, about 380,000 years into the life of the universe,|4.36
0249|there was a sudden change called recombination.|4.35
0250|This is when atoms began to form.|3.43
0251|Prior to recombination, if an electron and a proton|2.78
0252|would approach and bind temporarily,|2.64
0253|they would be whacked by a photon coming along|2.60
0254|Recombination is a process in which the electrons|4.10
0255|and the protons, which were previously loose|2.42
0256|and separated from each other in the plasma,|2.12
0257|in the early universe photons could never move freely and there was no way|8.94
0258|to measure change Larry argues that means time did not exist only after|8.05
0259|recombination when the universe cooled and atoms formed did light began to move|5.58
0260|around freely that says Larry is when the universe's clock began to tick the|8.17
0261|very earliest point there's never even a time but eventually there was something|4.26
0262|called time, which was keeping track of the way things changed.|5.75
0263|This could explain the birth of time in our universe.|5.73
0264|But if our universe ends, will time die with it?|5.59
0265|Time may have begun at the Big Bang.|4.81
0266|It may have always been flowing.|3.46
0267|Or it could be born trillions of times every second.|5.84
0268|This debate could go on for decades,|3.72
0269|or it could end any day now,|2.86
0270|because we may finally have an experiment|3.06
0271|that reveals the true nature of time.|7.55
0272|At the Berkeley campus of the University of California,|3.50
0273|Professor Hartmut Hefner is building a time ring,|4.90
0274|an object that will rotate like this disc.|4.48
0275|But while this metal ring is levitated|2.70
0276|using electromagnetic force,|3.06
0277|a time ring will be driven by a jet of in time.|5.63
0278|If it works, this experiment|2.44
0279|will prove a controversial theory.|2.82
0280|The quantum fluctuations that have been observed in space|3.98
0281|also exist in time.|3.28
0282|We physicists like symmetries,|2.14
0283|and one symmetry is like space and time.|3.70
0284|We would like to treat them on the same footing.|2.42
0285|So whatever we observe in space,|2.78
0286|we think we should also see in time.|2.72
0287|and this would actually simplify the description|2.16
0288|of the universe or make it more elegant.|3.80
0289|Nanotechnologist Tong Kong Lee, also at Berkeley,|3.90
0290|devised the time ring experiment.|3.14
0291|He approached Hartmut, an expert in trapping|3.18
0292|and studying atomic particles.|2.49
0293|But Hartmut had his doubts.|2.26
0294|I mean, this is a ridiculous idea.|2.46
0295|And then we started talking and I realized,|2.88
0296|oh, wait, this is really weird, but they are right.|3.24
0297|On this electrode, inside a space the width of a human hair,|4.18
0298|Hartmut and his team will create a perfectly static landscape,|4.30
0299|a landscape isolated from outside energy.|2.80
0300|To further reduce energy in the system,|2.32
0301|he must trap and cool calcium ions|3.00
0302|down to a few billionths of a degree above absolute zero,|4.24
0303|Colder than anything has ever been cooled before.|4.00
0304|This will take the ions down to their ground state,|4.96
0305|the state of minimum possible energy.|3.00
0306|Only then can the effects of space be separated from time.|6.26
0307|Imagine these ball bearings are calcium ions|3.00
0308|and we're going to inject 100 of these calcium ions|3.00
0309|into our vacuum chamber.|2.00
0310|So at normal temperatures, these ions move around rapidly|4.00
0311|rapidly in random directions but when we cool them they form this ring and they|4.96
0312|slow down and you would expect that at some point this ring stops moving it|5.60
0313|wouldn't rotate but if this theory is correct that ring should move rotate|5.88
0314|spin an object at ground state shouldn't move because it neither consumes nor|9.41
0315|produces energy. But quantum mechanics tells us zero does not mean zero. Even at|9.42
0316|ground state there will still be quantum fluctuations. In quantum mechanics|5.16
0317|there's always this finite jitter motion. In the ground state things will still|4.94
0318|move but they will move in an undirected way. What we are after is something|4.52
0319|where there is still motion in a particular direction. It would be|4.82
0320|different in the sense that it's directed.|6.65
0321|to make only tiny random movements in space,|3.60
0322|too small to make the ring move.|3.14
0323|But if the ion ring begins to turn anyway,|4.44
0324|it will mean there has been a fluctuation in time.|4.43
0325|not at all clear what is going to happen|2.62
0326|at these low temperatures.|2.00
0327|There are people who say that this ring should move,|2.96
0328|and others say it shouldn't.|3.01
0329|then both space and time fluctuate.|4.16
0330|That might support Feydalker's theory|2.00
0331|that space-time is constantly generating itself|2.94
0332|in quantum bits.|3.32
0333|At the very least, it will demonstrate|2.48
0334|that space and time are inextricably linked|3.12
0335|in the quantum realm.|2.24
0336|So we have these quantum fluctuations in space,|3.70
0337|But time be treated as something that you can know very precisely.|3.58
0338|Actually, what I would be feeling much more happy with is|3.74
0339|if quantum mechanics would also assume that time is fuzzy, so to speak,|4.44
0340|that you can't tell what time it is exactly, only approximately,|4.86
0341|And I've never worked with something where time fluctuates,|2.40
0342|so when I see it, maybe then it becomes natural to me, too.|5.00
0343|If we find the origins of time, we will answer one of the deepest riddles of creation.|12.24
0344|But we might also learn that time is meaningless to the universe.|4.62
0345|Time only matters to us because it anchors us between our memories of the past and the mystery of the future.|9.61
0346|happen. But Einstein's laws of relativity blur our concept of time. As the great man said,|9.74
0347|the distinction between the past, present, and future is only a stubbornly persistent illusion.|7.57
0348|If all of time is already out there, can we make the sands of time flow the other way?|10.21
0349|Craig Callender of the University of California, San Diego, is a philosopher who studies physics and cognitive science.|11.42
0350|He wonders why we don't experience time the way it really is.|5.29
0351|We ordinarily think of our brains as just receiving this stream of information and giving it to us in a passive way.|7.55
0352|but in fact we never really look underneath the hood and then see what really is going on.|4.64
0353|When you look at a smoothly moving clock hand, your brain can make time appear to stop|5.44
0354|and start whenever your mental focus changes.|3.12
0355|If you look at an analog clock and you're looking at the second hand as it's going around,|4.00
0356|just as you grab it with your attention, the second hand seems to pause momentarily.|4.40
0357|You also experience a pause in time whenever you look in the mirror.|3.60
0358|Shift your gaze from one eye to the other and you will never see either in motion.|6.09
0359|The brain is pulling all these tricks on us all the time.|3.42
0360|Our brains distort time to help us take snapshots of the world and remember important events.|7.93
0361|If our concept of time is distorted, what's the reality?|5.25
0362|Albert Einstein's theory of relativity attempts to explain how time truly works.|6.42
0363|in his view time is a dimension just like the three dimensions of space and because of this|6.80
0364|he believed that there is no such thing as a single universal now space has no single universal|8.40
0365|here so why should time so here we're in san diego there are other places boston london moscow there|8.05
0366|are all those other places we can't see them but they we know they exist similarly things are laid|5.04
0367|out in time that way too all of time already exists alongside the other three dimensions|6.40
0368|in einstein's description of time craig's actions of getting into the water paddling over it and|6.00
0369|getting out all happen alongside one another physicists call this view of reality where all|8.38
0370|of time and space already exist the block universe and it looks like this cake so let this end of the|9.71
0371|block be the Big Bang, and this end of the block be the end of the universe. All the|4.64
0372|events are there laid out. So some of these events might be your birth, some of them might|4.26
0373|be right now, some of them might be your death. They're all there.|5.11
0374|Of course, we don't see the block universe all at once. We each experience the universe|5.21
0375|as our own slice of now. Everything behind the slice becomes our past, and everything|6.25
0376|in front represents our future.|3.90
0377|So each observer will have a different slice covering up|3.46
0378|That knife will be their present.|4.01
0379|But just as everyone can't have the same here,|3.24
0380|not everyone can agree on what now is.|3.68
0381|Or to put it another way, everyone|2.62
0382|has their own uniquely angled now slice.|4.02
0383|Consider your own slice of now here on Earth.|3.60
0384|Your now includes light in the night sky from the nearby star|3.60
0385|Alpha Centauri, but that light has taken over four years|4.27
0386|So your present slice is actually|2.52
0387|angled to include past events on Alpha Centauri.|4.62
0388|For someone on Alpha Centauri looking toward Earth,|3.78
0389|their now slice includes events from four years|3.36
0390|in the past on our planet.|2.28
0391|no distinguished cutting up of the cake.|2.98
0392|They're all equally legitimate ways of cutting up everything.|3.48
0393|And those slices will grab different events|3.08
0394|in the space-time manifold.|2.75
0395|in a small fraction of a second.|2.74
0396|So our brains trick us into agreeing|2.52
0397|on a single shared now.|2.82
0398|And our brains also fool us into believing|2.88
0399|that time is moving, even though the past,|2.42
0400|present and future exist together.|3.59
0401|Craig thinks this is because our brains|2.70
0402|are stringing together individual slices of now,|3.70
0403|like frames of a movie.|2.38
0404|is that we have memories only in one direction.|2.52
0405|You just can't get memories of the future.|2.02
0406|So there's baby you, adult you, et cetera.|3.14
0407|running through space-time.|2.26
0408|That's why it feels like I'm flowing,|2.30
0409|because I'm building up this story of the self.|3.02
0410|There's nothing really moving through the block.|2.66
0411|Our sensations of time appear to be distorted,|3.36
0412|So can we learn to see time differently?|4.70
0413|Time never stops,|3.28
0414|but our brains can only register one moment in time,|4.02
0415|the moment we call the present.|4.20
0416|If all of time does exist at once,|4.15
0417|couldn't we change our viewpoint of time|3.50
0418|and maybe see our own future?|6.74
0419|at the University of California at Santa Barbara.|4.47
0420|He spent decades trying to wrap his head|2.30
0421|around Einstein's theory of time.|2.91
0422|There isn't a notion of past, present, and future|2.56
0423|so our impression of past, present, and future|3.70
0424|has to come from the way that we're constructed.|3.18
0425|Our brains constantly process information,|3.84
0426|and whatever is most recent becomes now.|4.04
0427|Our brains then move that information into our memory|3.20
0428|to make room for the new now.|2.62
0429|The present is the most recent information.|2.70
0430|The past, right, is what you've got in memory.|3.00
0431|We take the two and we try to predict, right,|3.38
0432|what we're gonna see in the future.|4.11
0433|But what if we perceive time differently?|3.44
0434|Jim imagines brains constructed to interpret|2.52
0435|sequences of events in new ways.|3.08
0436|Take the fast-moving game of roller hockey.|2.88
0437|based on what's happening in their present.|2.68
0438|if his experience of the present|2.32
0439|was what everyone else sees as the past?|3.48
0440|Let's say the goggles Jim hands to this player|3.18
0441|change his perspective on time.|2.74
0442|Let's say that those goggles|2.08
0443|contain a program that filters the events in our present|3.10
0444|and delays them by 10 seconds.|2.80
0445|Both teams scatter toward goal.|2.62
0446|The goggled player remains at center ice.|3.28
0447|What happened 10 seconds ago for everyone else|3.34
0448|feels like the present to him.|2.40
0449|When the goggled player finally perceives the puck|2.72
0450|to a corner of the rink.|2.35
0451|That player would never catch up with the puck.|3.34
0452|In hockey, a player seeing the past as his now|3.76
0453|would be perpetually late to the action|2.70
0454|and would be a useless player.|3.51
0455|In the natural world, the repercussions are more severe.|4.41
0456|If a hunter believed his prey to be in a time and place|3.20
0457|that it had already left, he'd never catch a meal,|4.48
0458|and his days would be numbered.|3.56
0459|of our brains to compute in that way.|2.36
0460|That's the most efficient survival mechanism,|2.88
0461|and alternatives to it get weeded out.|3.69
0462|Jim then wondered whether a brain artificially constructed|3.18
0463|to experience more than one now might gain some advantage.|6.44
0464|It is possible to imagine brains that|2.12
0465|would have conscious focus on all parts of its memory|3.56
0466|in the present, but it would waste|2.36
0467|valuable computational resources considering|2.24
0468|options that are useless.|2.66
0469|Imagine a hockey player having to make decisions|2.90
0470|where all moments are equally accessible.|2.74
0471|Everything in his experience feels like now.|3.40
0472|Jim suspects a brain like this would freeze into inaction,|3.64
0473|overwhelmed by a universe of choices.|3.48
0474|of organizing the flow of time|2.24
0475|has evolved as best for our biological survival.|3.80
0476|Our brains have created a narrative of time|2.28
0477|that best suits our environment.|2.40
0478|But could other perceptions of what now is|2.84
0479|work better in other environments?|2.90
0480|It's a very intriguing question whether beings|4.24
0481|on other planets, for example, would|2.26
0482|that we do, past, present, and future.|3.22
0483|Perhaps on other worlds, alien minds|2.64
0484|have devised ways to augment their own experience of time.|4.04
0485|They may be able to thrive with knowledge of the past, present,|3.82
0486|and future all at once.|4.40
0487|Could we ourselves learn how to manage multiple nows?|5.13
0488|It could be more likely than you think.|2.62
0489|One scientist thinks he's seen the future|2.48
0490|and detected its shadow cast backward in time.|5.25
0491|Sandu Popescu is a professor of physics|2.92
0492|at the University of Bristol in England.|3.43
0493|He's made an unsettling discovery.|3.00
0494|The future might be reaching back|2.54
0495|and meddling with the past.|2.85
0496|The idea dawned on Sandu while he and his colleagues|3.36
0497|were exploring a fundamental mathematical concept|2.64
0498|called the pigeonhole principle.|3.53
0499|If I have three pigeons|2.16
0500|and I want to put them into two pigeonholes,|3.78
0501|then I necessarily end up with two pigeons in one hole.|5.64
0502|Three pigeons won't fit into two pigeonholes|2.24
0503|without two of them having to share.|2.73
0504|But if the pigeons were shrunk down to the size of apples,|3.44
0505|then they would follow the strange rules|2.56
0506|And then three pigeons could fit into two spaces|3.34
0507|and never share the same space.|3.84
0508|I can arrange a situation in which I can guarantee|4.30
0509|that no two particles will be found in the same box.|5.46
0510|This bizarre effect is possible|2.38
0511|because many skilled quantum objects|2.16
0512|don't have definite fixed locations.|3.58
0513|Quantum particles in general behave very differently|3.70
0514|from everyday object that we know.|3.83
0515|For example, an atom can be in two|3.14
0516|or even more places at the same time.|3.47
0517|about exactly how particles avoid sharing a space|2.88
0518|with one another, he found it had a radical consequence.|4.54
0519|Information about the future can travel backwards|3.60
0520|through time the fact that when dealing with microscopic particles the result of an experiment|9.29
0521|is not determined from the beginning opens the possibility that the future will influence the|7.28
0522|past it may seem that time relentlessly carries us from the past toward the future but that's not the|9.84
0523|way the universe really works what takes place in our past does not simply recede into history|8.29
0524|it becomes imprinted into the fabric of the cosmos one day we may learn to weave the threads of the|9.18
0525|past and the future together and truly play with the boundless possibilities of time in a way every|11.94
0526|man woman and child on this earth is a time traveler like it or not we're all being shot|5.77
0527|relentlessly forward making the journey from birth to death and there's no going back and there is no|7.38
0528|way of looking into the future or is there what if we could travel back to witness events in the|9.36
0529|distant past or journey into the far future see our destiny just think what we might learn if we|10.93
0530|could watch history unfold right before our eyes, or what we could change in our own lives|8.69
0531|if we had the chance. For many, life's greatest sorrow is losing a loved one. The time I spent|8.31
0532|with my grandmother when I was a child helped make me the man I am today. I often wish I|6.44
0533|could see my grandmother again, or go back in time and show her who I am and what I've|6.15
0534|to come as an adult. Seems like an impossible dream. But is it? Can science find a way to tear|10.19
0535|down the walls between now and then? Is time travel possible? Gravity slows time, and this|9.60
0536|is the key to one form of time travel. When you leave a gravity field such as the Earth's surface,|6.51
0537|time moves at a different rate for you than for your friends on Earth.|4.32
0538|The time difference is greatest when you move at high speed.|5.85
0539|This means that time travelers walk among us.|4.08
0540|Cosmonaut Sergei Krikalev is the world's greatest time traveler.|4.16
0541|Krikalev has spent 803 days moving at 17,000 miles per hour.|5.28
0542|He traveled fast outside Earth's gravity,|2.50
0543|so time moved more slowly for him than for us.|4.34
0544|Because time passed at different rates,|2.10
0545|a 48th of a second into the future.|2.64
0546|A 48th of a second may not sound like much,|2.44
0547|and make him go faster, near light speed,|2.50
0548|about 670 million miles per hour,|2.72
0549|he'll come back and find out that while he has aged 12 months,|5.00
0550|Earth is 10 years older.|6.55
0551|Here is another time machine,|2.00
0552|and it speeds things up even faster than our rocket ships.|4.00
0553|It's Europe's Large Hadron Collider, or LHC,|5.90
0554|the world's biggest and baddest particle accelerator.|4.00
0555|Steve Nunn is a professor of physics at MIT.|3.29
0556|Using the LHC,|2.00
0557|Nunn and thousands of other scientists|3.00
0558|turned pieces of atoms into time travelers.|3.00
0559|The LHC here at CERN is like a time machine|2.00
0560|because of a funny feature of physics.|2.00
0561|Velocity is not what you think it is.|2.00
0562|Velocity at normal speeds is normal,|2.00
0563|but at very, very high speeds,|2.00
0564|velocity has a maximum limit.|2.00
0565|So the protons in the ring|2.77
0566|are traveling near the speed of light,|2.00
0567|and they can't go faster.|2.19
0568|What happens instead|2.35
0569|instead, is that their clocks start moving slower.|2.76
0570|Their ticks are longer than our ticks.|2.48
0571|So in some sense, the protons that are going around the ring,|3.00
0572|their clocks are moving slower than our clocks,|2.40
0573|so they're like time travelers relative to us.|5.46
0574|The time-traveling protons at CERN show us|3.32
0575|that we, too, can travel far forward in time.|6.41
0576|Decades from now, spaceships traveling near the speed of light|3.60
0577|could fly into the stars on a 10-year mission.|3.69
0578|For the people on board, it would be ten years.|2.76
0579|On Earth, a thousand years would pass.|4.33
0580|The astronauts would return to a far different future world.|5.76
0581|Time travel into the future is possible, but is it a one-way trip?|6.64
0582|Can we make our dream of time travel backwards and forwards come true?|11.17
0583|The whole of time is all around us, but can we jump from the present to the past?|9.45
0584|In the early years of the 20th century, a young patent clerk named Albert Einstein gave|4.90
0585|us a possible way back.|2.42
0586|Riding to work on a streetcar, the barely 20-year-old Einstein looked up at a clock|4.80
0587|tower and suddenly it all clicked.|8.21
0588|Einstein realized that time is relative to where you are and how fast you're moving.|7.46
0589|Time is the fourth dimension, bound tightly together with length, width, and depth.|7.02
0590|dimensions of space. A few years later, Einstein used his ideas about gravity's effect on|7.24
0591|space and time to create a mathematical map of the cosmos. He proved that the fabric of|7.12
0592|space and time is curved. If the universe is curved, there might be ways to build bridges|8.70
0593|across it, or create loops inside of it, loops that will allow time travel. That was the|8.96
0594|The conclusion reached in 1949 by the mathematical genius Kurt Gödel.|6.28
0595|Gödel was a close friend of Einstein's and he decided to see if the great man's equations|4.82
0596|permitted time travel.|2.62
0597|He found that they did.|3.19
0598|If the universe rotates on its axis and you somehow remain perfectly still, it would be|6.25
0599|possible to go to any time and place in the universe.|4.84
0600|Except that we now know that the universe does not rotate, and without the rotation,|8.80
0601|you cannot have time travel.|3.87
0602|Gödel's solution was unrealistic, but his radical thinking inspired a new generation|4.72
0603|Professor Frank Tipler was one of the renegade physicists who followed in Gödel's footsteps.|6.25
0604|I was fascinated by Gödel's paper, which I had actually read when I was an undergraduate|6.44
0605|at MIT, and I wondered if I could follow up Einstein's suggestion, can this be actually|5.96
0606|done physically? We can't rotate the universe. It either is rotating or not, but we might be|6.12
0607|able to do something on a smaller scale. And obvious, easy-to-solve model in relativity was|7.66
0608|a rotating cylinder. And so I was able to show that a rotating cylinder would give rise to these|6.76
0609|It's loops in time, being able to go backwards into time.|6.13
0610|Tipler's gigantic cylinder would hang in space, whirling at nearly the speed of light.|6.01
0611|Space turns into time, and time into space as both become twisted around the cylinder.|6.27
0612|So by traveling forward around the cylinder, you go backwards in time.|5.68
0613|So, my paper, which I tried to get published under the title of Constructing a Time Machine,|10.40
0614|The editors thought that was a little too radical, and they wanted something that would|5.50
0615|not be so sound-bitey, and so I changed the title to Rotating Cylinders and the Possibility|8.38
0616|of Global Causality Violation.|3.65
0617|Now there is a mouthful that no one will catch on to unless you actually read the paper.|9.07
0618|But later Tipler found there were a few problems with his idea.|4.67
0619|I realized that the rotating cylinder, although an easy-to-construct solution to the Einstein|6.78
0620|equations, was not very realistic because it had to be an infinite cylinder, and creating|5.92
0621|an infinite cylinder is as hard as creating a universe, which obviously we cannot do.|5.06
0622|So I was wondering if it would be possible to have this sort of structure in a much smaller|5.42
0623|scale, and I discovered, alas, that's not going to be possible because if you tried|5.86
0624|to speed up a body to generate the time machine, what you would find before the time machine|6.04
0625|property was created, you would rip a hole in space and time.|5.22
0626|You would create a singularity right there in space and time.|6.57
0627|So alas, I had to give up my dream of creating a time machine.|5.97
0628|Tipler's spinning cylinder might not work, but there are massive objects in the universe|5.42
0629|that are already spinning near the speed of light, black holes.|4.75
0630|The immense gravity of black holes|2.10
0631|pushed the laws of physics to the extremes.|3.00
0632|Could the secrets of backwards time travel|2.22
0633|You would fall into a singularity and you'd be crushed and you would die.|2.76
0634|Some interesting effect that we don't yet understand|2.70
0635|about what happens at the center of a black hole,|2.60
0636|there's no reason to think that it pushes you backward in time.|2.76
0637|The black hole is more or less a one-way street.|3.13
0638|You go in and you will never come back out.|3.85
0639|So black holes won't work.|2.22
0640|But another cosmic anomaly made famous by science fiction might do the trick.|5.33
0641|Wormholes are magic doorways connecting two remote locations.|3.96
0642|These cosmic sky bridges would allow us to jump across space and travel in time.|7.38
0643|Lie into a wormhole and you can take a shortcut to another place or time.|6.33
0644|We have no proof that wormholes exist, but there is plenty of solid science behind them.|7.36
0645|No one knows more about wormholes than renowned physicist Kip Thorne.|5.26
0646|For starters, he can tell you why they're called wormholes.|4.34
0647|If you have an apple, a worm drills a hole through the apple, reaches from one side to|5.87
0648|the other. You can think of the surface of the apple as being like our universe, and|4.66
0649|the worm has gone through some higher dimension to reach the other side.|7.98
0650|If they exist, wormholes are smaller than atoms. If we want to go through them, we need|8.00
0651|to stretch them out and hold them open. Prying open a wormhole would take a tremendous amount|5.80
0652|energy, not just ordinary energy, but something called negative energy.|7.95
0653|Negative energy is anti-gravitation.|3.62
0654|It repels the fabric of space and time and would prevent gravity from crushing a wormhole.|9.28
0655|One problem, a lot of people don't believe negative energy exists.|5.56
0656|Kind of energy that would anti-gravitate is ridiculous.|3.34
0657|But in fact, in modern physics we know examples of negative energy that are created in the|6.64
0658|laboratory every day.|2.57
0659|Small amounts of negative energy, often just transient, but nevertheless negative energy.|6.48
0660|And so I was not willing to dismiss this possibility out of hand.|4.78
0661|The fundamental question was, could a very advanced civilization accumulate enough negative|6.40
0662|energy and hold it in the interior of the wormhole long enough to keep the wormhole|6.30
0663|open so that somebody could travel through it?|5.27
0664|The answer is we don't know.|5.74
0665|The technology that would be required to make a time machine that has even a whisper of|6.46
0666|a hope of success is as far beyond us today as space travel is beyond the capabilities|6.53
0667|of an amoeba, because our technology is so puny, there's no hope at all.|10.94
0668|Time travel seems unlikely, if we approach it purely as a matter of taking a person or|4.60
0669|information from the present and transporting it to the past.|4.89
0670|But there is another way to journey into the past, a way that until recently would have|4.64
0671|been considered preposterous, but it's getting closer to reality every day.|6.64
0672|We could build the past.|3.84
0673|Human technology is evolving exponentially.|3.55
0674|When our computers get powerful enough, they could simulate massively complex worlds, including|6.74
0675|past eras of life on Earth.|3.93
0676|These wouldn't be video games.|3.68
0677|These simulations of the past would look and feel so real, you wouldn't know they are simulations.|7.82
0678|Not the genuine past, but the next best thing.|5.38
0679|If you really want to go into the past, you're going to have to go into the extreme far future.|5.96
0680|In the extreme far future, they will have the ability to reproduce the past, and then|6.80
0681|you can see what the past was like.|2.56
0682|You can actually experience the distant past by existing in the virtual reality of the|6.90
0683|We've seen that time travel into the distant future is possible, but it's a one-way trip.|7.44
0684|Time travel into the past might be theoretically possible, but it requires inconceivable amounts|6.56
0685|of energy and God-like technology.|4.48
0686|Our best hope may lie in computer recreations of time's past.|6.10
0687|So it looks like we won't be able to go back in time to visit the people we've lost or|6.07
0688|correct the mistakes we made when we were young. Our trajectory through time, from birth to death,|9.25
0689|is the one thing all living things have in common. Every human has to live with the fact that life is|6.40
0690|short and time is precious. We have our triumphs. We make our mistakes. If we could go back and|8.80
0691|correct those mistakes, would we ever learn anything from them? Would we be the people we are today?|7.71
0692|come crashing down around us. Physicists now have their own version of apocalypse.|6.12
0693|In fact, they have several of them. The sun will engulf the earth. Our star will fall into a black|8.52
0694|hole. Our entire galaxy will collide with another. But what if everything came to an end? Destroyed|10.84
0695|in an apocalypse so complete that time itself would disappear.|12.90
0696|I was just a young boy when time ran out for my grandmother.|7.83
0697|The sun continued to rise and set each day.|3.02
0698|The seasons cycled on.|3.49
0699|I wondered if time for my grandmother really had ended.|4.02
0700|In fact, it seemed impossible that time itself could ever end.|11.42
0701|The ancient Greeks and Egyptians thought of eternity as a place outside of time.|5.29
0702|They saw time as a giant circle, mirroring the passing of the sun overhead and the rotation|6.13
0703|of the seasons.|3.73
0704|But today we've rolled out the circle of time into a line stretching from the distant past|5.80
0705|to the far future.|3.34
0706|Now we are forced to contemplate whether this timeline has an end or whether it can stretch|6.05
0707|Perhaps the riddle of eternity is something we've created in our heads.|6.55
0708|Anthropologist Vera da Silva Sinha and linguistic psychologist Chris Sinha|7.94
0709|spend their time thinking about how people think about time.|5.08
0710|We have very large-scale, complex societies.|3.76
0711|We could not make our society tick over if we didn't have a calendar and a clock.|7.08
0712|So we think of time concepts and ways of measuring time|4.78
0713|as being what we call a cognitive technology.|2.46
0714|It's a technology of the mind.|5.38
0715|this organized view of time is not universal.|4.56
0716|It's an insight they gained from studying the language|3.08
0717|and culture of an indigenous Amazonian tribe|3.18
0718|called the Amandawa.|2.64
0719|The Amandawa people live in Rondonia, the state of Brazil.|4.06
0720|They were contacted by the Brazilian government in 1984.|6.20
0721|The Amandawa tribe does not live by a calendar,|2.82
0722|and they don't use clocks.|2.06
0723|In fact, there isn't even a word for time in their language.|5.13
0724|If you ask an Amandawa speaker to give a translation|4.86
0725|of the word time, the nearest thing that they can think of,|3.72
0726|Or they say rainy seasons, or they say summertime.|4.54
0727|There's nothing which is abstracted from that, right?|2.48
0728|To try and understand the Amandawa's notion of time,|3.40
0729|Chris and Vera had them arrange a series of paper plates.|3.14
0730|So we found out there is two seasons, yeah?|2.96
0731|Rain season and dry season.|2.24
0732|So, and we used the plates|2.14
0733|to symbolise how the seasons are divided.|5.08
0734|An Amandawa man organises the plates|2.32
0735|not according to days or months,|3.09
0736|but by the natural events that occur|2.04
0737|throughout their two seasons.|2.59
0738|For each one of these small subdivisions of a season,|4.30
0739|he'll tell a little story about what kind of planting|5.28
0740|and harvesting goes on, also what fruits are ripening,|3.86
0741|and what's going on in the forest and in the rivers.|3.88
0742|Is the level of the river going up or going down?|2.74
0743|This kind of thing, yeah.|2.97
0744|it's a way of mapping out time that would make sense to any farmer but in our industrialized|6.38
0745|cultures a much more rigid system has taken over we might arrange plates on a line of seven|7.40
0746|one plate for each day of a week or we would divide a day into hours arranged in a circle|6.96
0747|but the amandawa don't arrange events in any particular shape he's not really worried about|8.45
0748|the shape of the events you worry about the contents of each event they don't think of time|6.08
0749|as being analogous to a spatial dimension they don't think of time being a sort of line in|7.52
0750|which there is a future that you look forward to and a past that you look back to in english you|5.84
0751|can say oh i look back to my childhood however in a mandawa you don't look back to your childhood so|5.44
0752|you were a child in your childhood you were there so you don't look back anymore so|4.40
0753|the amandawa don't look back on a line that traces their life from past to present|4.24
0754|but in western cultures we can't help but impose this time geometry on our lives|5.20
0755|a person's life is like a line that stretches from birth to death and so we imagine the|6.16
0756|the universe too must have a timeline.|3.57
0757|From its birth in the Big Bang 14 billion years ago|4.46
0758|to some far future date when it will die.|6.37
0759|There was no time before the beginning|2.32
0760|and time will eventually disappear|2.70
0761|when the universe meets its apocalyptic end.|4.53
0762|Scientists have spent 3,000 years|3.58
0763|trying to learn as much as they can|2.08
0764|about the world we live in.|2.81
0765|We've done pretty well.|2.28
0766|We understand how planets, stars, and galaxies work.|4.94
0767|But to know the fate of the entire universe,|3.28
0768|just imagine how much more there is to know.|4.13
0769|So perhaps it's time to ask ourselves an important question.|5.76
0770|Are there some things we just aren't meant to understand?|8.24
0771|Theoretical physicist Tom Banks believes the best way|3.50
0772|to understand eternity is to calculate|3.00
0773|how much we can ever know.|2.49
0774|and what we can know is what we can measure.|5.04
0775|So you can see the Pacific Ocean is here behind me,|3.42
0776|and the Pacific Ocean is huge.|2.78
0777|We couldn't possibly measure it with rulers,|2.44
0778|so we measure it by using trigonometry, all kinds of math.|9.08
0779|The Pacific Ocean may be massive,|2.78
0780|but we've traversed its length and breadth|2.72
0781|and mapped out all of its 64 million square miles.|4.54
0782|However, it isn't even a speck|2.50
0783|compared with the entire universe.|2.44
0784|It's much too big for us to physically measure.|2.56
0785|Our universe, we can't even get out there to most of it.|3.24
0786|And we measure it by receiving light from it,|2.58
0787|and getting all kinds of signals.|2.14
0788|But the universe does not just stretch out over space.|4.16
0789|It also extends over time.|2.64
0790|From its beginning in the Big Bang|2.78
0791|the far future what would it take to know everything about such a vast place tom thinks|7.27
0792|he can calculate the answer to that question using something he calls the theory of causal diamonds|7.12
0793|i'm drawing a schematic diagram showing a causal diamond this is my past this is my future and this|10.19
0794|diamond represents everything i could have done experiments on during that whole history|5.28
0795|From the beginning to the end, that region in space-time,|5.38
0796|it forms a diamond shape because light goes out|2.66
0797|in sort of a cone like this.|2.14
0798|And then if I look back from the latest time,|2.70
0799|You put those two cones together,|2.06
0800|and they're sort of a diamond shape.|5.35
0801|A causal diamond marks the limit of how much|2.52
0802|of the universe a measuring device could ever hope to reach.|4.00
0803|When that device sends out a light beam,|2.77
0804|It heads out into the universe,|2.74
0805|bounces off some distant galaxies,|2.74
0806|and finally returns to the device billions of years later.|4.41
0807|Tom has been able to calculate|2.14
0808|that the amount of information existing inside that diamond|3.86
0809|is related to the area of a sphere|2.14
0810|that just fits around it at its widest point,|4.26
0811|a sphere he calls the holographic screen.|4.68
0812|suppose there was some machine that lived forever|2.66
0813|from the beginning of the universe to the end.|2.54
0814|How big does the holographic screen of the causal diamond|3.66
0815|of that infinitely long-lived detector ever get?|3.30
0816|And it's very important because that determines|2.64
0817|how much information there could have possibly been|2.74
0818|in this region of space and time.|3.41
0819|Knowing absolutely everything there is to know|3.02
0820|about every atom and every subatomic particle in existence|3.48
0821|would mean collecting a truly mind-blowing amount of data.|5.62
0822|This number is 10 to the 10 to the 123.|4.24
0823|It's a one with 10 to the 123 zeros after it.|3.90
0824|That number is so huge that it's hard to imagine it.|4.26
0825|If I started trying to write that number down|2.62
0826|and I wrote a zero every second,|3.98
0827|I would run out of time long before|3.20
0828|the whole history of the universe.|2.65
0829|And I would never get to the end of it.|2.68
0830|But could an advanced civilization actually collect this much data|5.04
0831|and know everything about the universe and thus learn its fate?|5.00
0832|The answer, Tom believes, is contained in this tiny cup of water.|6.80
0833|So in this little bit of water I just got out of the Pacific,|3.56
0834|That's trillions of trillions.|2.40
0835|If we wanted to measure all those atoms,|2.36
0836|we'd have to have a really big machine.|2.64
0837|We'd need a device that was larger than the United States.|4.72
0838|But collecting data on the entire universe|2.84
0839|is not just a monumental engineering challenge.|3.12
0840|The laws of physics actually prevent us from doing it.|5.00
0841|If we tried to measure every atom in existence,|3.18
0842|we would end up using so much equipment|2.62
0843|that we'd fill space with more stuff than it could handle.|4.57
0844|And the entire experiment would collapse into a black hole,|3.52
0845|destroying all that information with it tom has calculated that we can measure no more than 10|10.01
0846|to the 10 to the 90 bits of information before we cause the entire universe to collapse|5.60
0847|into a black hole this may seem like a gigantic number but it is actually just a tiny fraction|6.88
0848|of 10 to the 10 to the 123 which is all that there is to know that number is so incredibly|9.57
0849|smaller than this number that there's no hope that any civilization no matter how sophisticated|6.40
0850|could possibly measure all of the information that there is in the universe throughout its entire|5.52
0851|history all we can ever learn about the universe is an impossibly tiny morsel of what's out there|8.66
0852|and tom argues trying to predict the future based on such sad knowledge is utterly futile so perhaps|8.85
0853|we should quit worrying about the end of time and learn to live for the now it's natural for us to|8.84
0854|want to know everything and we like to make up stories about everything and those stories are|7.44
0855|often wrong so people are people we're finite we're we're not gods we're we don't own the|8.32
0856|universe we're a very tiny portion of the universe and we've now discovered that we're a much tinier|7.36
0857|portion than we might have thought before we don't have the right in some sense to expect to know|6.72
0858|everything that there is to know will the universe last forever is eternity already out there|12.45
0859|projecting the present back to us from the far future or will a cosmic apocalypse destroy|6.59
0860|everything in the blink of an eye we don't know and we probably never will because some|8.64
0861|questions require more knowledge than we can ever get and maybe that's not so bad after all|7.81
0862|What fun would life be if we already knew how it was going to end?|6.31
